
INSERT INTO public.clients (id, name_en, name_ar, industry_en, industry_ar, contact_name_en, contact_name_ar, email, phone, city_en, city_ar, district_en, district_ar, street_en, street_ar, lat, lng, notes) VALUES
  ('11111111-1111-1111-1111-111111110001', 'Orascom Construction', 'أوراسكوم للإنشاء', 'Construction', 'الإنشاءات', 'Hossam Adel', 'حسام عادل', 'hossam@orascom.com', '+201001234567', 'Cairo', 'القاهرة', 'New Cairo', 'القاهرة الجديدة', '90th Street', 'التسعين', 30.0271, 31.4925, 'Tier-1 contractor, repeat customer'),
  ('11111111-1111-1111-1111-111111110002', 'Majid Al Futtaim', 'ماجد الفطيم', 'Retail', 'التجزئة', 'Sara Mahmoud', 'سارة محمود', 'sara@maf.ae', '+201112345678', 'Giza', 'الجيزة', 'Sheikh Zayed', 'الشيخ زايد', 'Mall of Egypt Rd', 'طريق مول مصر', 30.0131, 30.9716, 'Mall expansion program'),
  ('11111111-1111-1111-1111-111111110003', 'Marriott Hotels', 'فنادق ماريوت', 'Hospitality', 'الضيافة', 'Karim Fouad', 'كريم فؤاد', 'karim@marriott.com', '+201223344556', 'Alexandria', 'الإسكندرية', 'Smouha', 'سموحة', 'Victor Emanuel Sq', 'ميدان فيكتور عمانويل', 31.2156, 29.9553, 'New property opening Q3'),
  ('11111111-1111-1111-1111-111111110004', 'Cleopatra Hospitals', 'مستشفيات كليوباترا', 'Healthcare', 'الرعاية الصحية', 'Mona Nabil', 'منى نبيل', 'mona@cleohospitals.com', '+201005556677', 'Cairo', 'القاهرة', 'Heliopolis', 'مصر الجديدة', 'Cleopatra St', 'شارع كليوباترا', 30.0902, 31.3245, 'Renovation across 3 branches');

INSERT INTO public.projects (id, code, name_en, name_ar, description_en, description_ar, category_en, category_ar, project_type_en, project_type_ar, client_id, manager_id, status, budget, offered_value, progress, start_date, end_date, city_en, city_ar, district_en, district_ar, street_en, competitors) VALUES
  ('22222222-2222-2222-2222-222222220001', 'PRJ-001', 'Cairo Festival City Tower', 'برج كايرو فيستيفال', 'Mixed-use 32-story tower interior fit-out', 'تشطيب داخلي لبرج متعدد الاستخدامات 32 طابقًا', 'Interior Fit-out', 'تشطيبات داخلية', 'Commercial', 'تجاري', '11111111-1111-1111-1111-111111110001', '8c41c3bd-70a6-426d-bc35-d4f9745cb6ad', 'On Track', 12500000, 11800000, 35, '2026-01-15', '2026-12-20', 'Cairo', 'القاهرة', 'New Cairo', 'القاهرة الجديدة', 'Ring Road', ARRAY['ECG','Hassan Allam']),
  ('22222222-2222-2222-2222-222222220002', 'PRJ-002', 'Mall of Egypt Phase 2', 'توسعة مول مصر', 'Retail expansion with 40 new stores', 'توسعة تجارية بإضافة 40 محل', 'Retail Construction', 'إنشاءات تجزئة', 'Retail', 'تجزئة', '11111111-1111-1111-1111-111111110002', '8c41c3bd-70a6-426d-bc35-d4f9745cb6ad', 'At Risk', 28000000, 27200000, 55, '2025-09-01', '2026-08-30', 'Giza', 'الجيزة', 'Sheikh Zayed', 'الشيخ زايد', 'Mehwar Rd', ARRAY['Arabtec','CCC']),
  ('22222222-2222-2222-2222-222222220003', 'PRJ-003', 'Marriott Smouha Renovation', 'تجديد ماريوت سموحة', 'Full refurbishment of 220 guest rooms and lobby', 'تجديد شامل لـ 220 غرفة واللوبي', 'Renovation', 'تجديد', 'Hospitality', 'فندقي', '11111111-1111-1111-1111-111111110003', '8c41c3bd-70a6-426d-bc35-d4f9745cb6ad', 'On Track', 8500000, 8200000, 20, '2026-03-01', '2026-11-15', 'Alexandria', 'الإسكندرية', 'Smouha', 'سموحة', 'Victor Emanuel Sq', ARRAY['Depa','Drake & Scull']),
  ('22222222-2222-2222-2222-222222220004', 'PRJ-004', 'Cleopatra Heliopolis Wing', 'جناح كليوباترا مصر الجديدة', 'New surgical wing with 60 beds', 'جناح جراحي جديد بسعة 60 سرير', 'Healthcare Build', 'إنشاءات صحية', 'Healthcare', 'صحي', '11111111-1111-1111-1111-111111110004', '8c41c3bd-70a6-426d-bc35-d4f9745cb6ad', 'Delayed', 18750000, 18000000, 15, '2025-11-10', '2026-10-30', 'Cairo', 'القاهرة', 'Heliopolis', 'مصر الجديدة', 'Cleopatra St', ARRAY['Orascom','Petrojet']),
  ('22222222-2222-2222-2222-222222220005', 'PRJ-005', 'New Capital HQ Build-out', 'إنشاء مقر العاصمة الإدارية', 'Corporate HQ build-out 8 floors', 'إنشاء مقر إداري 8 طوابق', 'Corporate Fit-out', 'تشطيبات شركات', 'Commercial', 'تجاري', '11111111-1111-1111-1111-111111110001', '8c41c3bd-70a6-426d-bc35-d4f9745cb6ad', 'Completed', 6400000, 6400000, 100, '2025-04-01', '2025-12-15', 'Cairo', 'القاهرة', 'New Cairo', 'القاهرة الجديدة', 'Capital Blvd', ARRAY['Redcon']);

INSERT INTO public.project_members (project_id, profile_id, role_en, role_ar) VALUES
  ('22222222-2222-2222-2222-222222220001', '8c41c3bd-70a6-426d-bc35-d4f9745cb6ad', 'Project Manager', 'مدير المشروع'),
  ('22222222-2222-2222-2222-222222220001', '75ef37f7-9680-4f0d-9fbc-94cd61a2da3d', 'Site Engineer', 'مهندس موقع'),
  ('22222222-2222-2222-2222-222222220002', '8c41c3bd-70a6-426d-bc35-d4f9745cb6ad', 'Project Manager', 'مدير المشروع'),
  ('22222222-2222-2222-2222-222222220003', '75ef37f7-9680-4f0d-9fbc-94cd61a2da3d', 'Coordinator', 'منسق'),
  ('22222222-2222-2222-2222-222222220004', '8c41c3bd-70a6-426d-bc35-d4f9745cb6ad', 'Project Manager', 'مدير المشروع');

INSERT INTO public.leads (id, code, company_en, company_ar, contact_name_en, contact_name_ar, email, phone, source_en, source_ar, industry_en, industry_ar, status, owner_id, created_by, value, probability, expected_close_date, city_en, city_ar, district_en, district_ar, lat, lng) VALUES
  ('33333333-3333-3333-3333-333333330001', 'LD-001', 'Palm Hills Developments', 'بالم هيلز للتعمير', 'Ahmed Hany', 'أحمد هاني', 'ahmed@palmhills.com', '+201001111111', 'Referral', 'ترشيح', 'Real Estate', 'عقارات', 'qualified', '8c41c3bd-70a6-426d-bc35-d4f9745cb6ad', 'b95a5e77-28e1-4303-8312-23596a515e28', 4500000, 60, '2026-08-15', 'Giza', 'الجيزة', '6th of October', 'السادس من أكتوبر', 29.9285, 30.9188),
  ('33333333-3333-3333-3333-333333330002', 'LD-002', 'SODIC', 'سوديك', 'Laila Hassan', 'ليلى حسن', 'laila@sodic.com', '+201002222222', 'Website', 'الموقع الإلكتروني', 'Real Estate', 'عقارات', 'proposal', '75ef37f7-9680-4f0d-9fbc-94cd61a2da3d', 'b95a5e77-28e1-4303-8312-23596a515e28', 7200000, 75, '2026-07-30', 'Cairo', 'القاهرة', 'New Cairo', 'القاهرة الجديدة', 30.0271, 31.4925),
  ('33333333-3333-3333-3333-333333330003', 'LD-003', 'Talaat Moustafa Group', 'مجموعة طلعت مصطفى', 'Omar Sherif', 'عمر شريف', 'omar@tmg.com', '+201003333333', 'LinkedIn', 'لينكدإن', 'Real Estate', 'عقارات', 'negotiation', '8c41c3bd-70a6-426d-bc35-d4f9745cb6ad', 'b95a5e77-28e1-4303-8312-23596a515e28', 15000000, 85, '2026-09-10', 'Cairo', 'القاهرة', 'Madinaty', 'مدينتي', 30.1100, 31.6500),
  ('33333333-3333-3333-3333-333333330004', 'LD-004', 'Carrefour Egypt', 'كارفور مصر', 'Nadine Aly', 'نادين علي', 'nadine@carrefour.eg', '+201004444444', 'Cold Call', 'اتصال مباشر', 'Retail', 'تجزئة', 'contacted', '75ef37f7-9680-4f0d-9fbc-94cd61a2da3d', 'b95a5e77-28e1-4303-8312-23596a515e28', 3800000, 40, '2026-10-01', 'Cairo', 'القاهرة', 'Maadi', 'المعادي', 29.9602, 31.2569),
  ('33333333-3333-3333-3333-333333330005', 'LD-005', 'Andalusia Hospitals', 'مستشفيات الأندلسية', 'Dr. Tarek Adel', 'د. طارق عادل', 'tarek@andalusia.com', '+201005555555', 'Trade Show', 'معرض تجاري', 'Healthcare', 'الرعاية الصحية', 'new', '75ef37f7-9680-4f0d-9fbc-94cd61a2da3d', 'b95a5e77-28e1-4303-8312-23596a515e28', 9500000, 20, '2026-11-15', 'Alexandria', 'الإسكندرية', 'Smouha', 'سموحة', 31.2156, 29.9553),
  ('33333333-3333-3333-3333-333333330006', 'LD-006', 'Hilton Worldwide', 'هيلتون العالمية', 'Yasmine Fawzy', 'ياسمين فوزي', 'yasmine@hilton.com', '+201006666666', 'Partner', 'شريك', 'Hospitality', 'الضيافة', 'won', '8c41c3bd-70a6-426d-bc35-d4f9745cb6ad', 'b95a5e77-28e1-4303-8312-23596a515e28', 11200000, 100, '2026-06-01', 'Hurghada', 'الغردقة', 'Sahl Hasheesh', 'سهل حشيش', 27.0828, 33.7920);

INSERT INTO public.activities (title_en, title_ar, type, status, due_date, time, est_minutes, owner_id, created_by, lead_id, project_id, presales_team, notes_en, notes_ar) VALUES
  ('Kickoff meeting with Palm Hills', 'اجتماع بدء المشروع مع بالم هيلز', 'Meeting', 'pending', '2026-05-28', '10:00', 90, '8c41c3bd-70a6-426d-bc35-d4f9745cb6ad', 'b95a5e77-28e1-4303-8312-23596a515e28', '33333333-3333-3333-3333-333333330001', NULL, ARRAY['75ef37f7-9680-4f0d-9fbc-94cd61a2da3d']::uuid[], 'Discuss scope and BOQ for clubhouse', 'مناقشة النطاق وجدول الكميات للنادي'),
  ('Site visit — Mall of Egypt', 'زيارة موقع — مول مصر', 'Site Visit', 'pending', '2026-05-29', '09:00', 180, '75ef37f7-9680-4f0d-9fbc-94cd61a2da3d', 'b95a5e77-28e1-4303-8312-23596a515e28', NULL, '22222222-2222-2222-2222-222222220002', '{}'::uuid[], 'Inspect MEP rough-in on level 2', 'فحص أعمال الميكانيكا والكهرباء بالدور الثاني'),
  ('Proposal review with SODIC', 'مراجعة العرض مع سوديك', 'Meeting', 'pending', '2026-05-30', '14:00', 60, '75ef37f7-9680-4f0d-9fbc-94cd61a2da3d', 'b95a5e77-28e1-4303-8312-23596a515e28', '33333333-3333-3333-3333-333333330002', NULL, '{}'::uuid[], 'Walk through commercial proposal v2', 'مراجعة العرض التجاري النسخة الثانية'),
  ('Follow-up call TMG', 'مكالمة متابعة مع طلعت مصطفى', 'Follow-up', 'pending', '2026-05-27', '11:30', 30, '8c41c3bd-70a6-426d-bc35-d4f9745cb6ad', 'b95a5e77-28e1-4303-8312-23596a515e28', '33333333-3333-3333-3333-333333330003', NULL, '{}'::uuid[], 'Confirm payment terms', 'تأكيد شروط الدفع'),
  ('Send intro email — Carrefour', 'إرسال بريد تعريفي لكارفور', 'Email', 'done', '2026-05-20', '08:00', 15, '75ef37f7-9680-4f0d-9fbc-94cd61a2da3d', 'b95a5e77-28e1-4303-8312-23596a515e28', '33333333-3333-3333-3333-333333330004', NULL, '{}'::uuid[], 'Company profile + case studies', 'ملف الشركة ودراسات حالة'),
  ('Marriott progress review', 'مراجعة تقدم ماريوت', 'Meeting', 'pending', '2026-06-02', '13:00', 60, '8c41c3bd-70a6-426d-bc35-d4f9745cb6ad', 'b95a5e77-28e1-4303-8312-23596a515e28', NULL, '22222222-2222-2222-2222-222222220003', ARRAY['75ef37f7-9680-4f0d-9fbc-94cd61a2da3d']::uuid[], 'Phase 1 milestone review', 'مراجعة معالم المرحلة الأولى'),
  ('Cleopatra design workshop', 'ورشة تصميم كليوباترا', 'Meeting', 'pending', '2026-06-04', '10:00', 240, '8c41c3bd-70a6-426d-bc35-d4f9745cb6ad', 'b95a5e77-28e1-4303-8312-23596a515e28', NULL, '22222222-2222-2222-2222-222222220004', '{}'::uuid[], 'Finalize OR room layouts', 'اعتماد مخططات غرف العمليات'),
  ('Andalusia discovery call', 'مكالمة استكشاف الأندلسية', 'Call', 'pending', '2026-05-31', '15:00', 45, '75ef37f7-9680-4f0d-9fbc-94cd61a2da3d', 'b95a5e77-28e1-4303-8312-23596a515e28', '33333333-3333-3333-3333-333333330005', NULL, '{}'::uuid[], 'Understand requirements for new wing', 'فهم متطلبات الجناح الجديد');
